{"cameraMode":{"drawMode":0,"name":"Shaded","section":"Shading Mode"},"sceneLighting":true,"audioPlay":false,"sceneViewState":{"showFog":true,"showMaterialUpdate":false,"showSkybox":true,"showFlares":true,"showImageEffects":true,"showParticleSystems":true},"in2DMode":false,"pivot":{"x":-4.6096343994140629,"y":-18.374048233032228,"z":-24.70989418029785},"rotation":{"x":-0.021735405549407007,"y":0.9329965114593506,"z":-0.3547128438949585,"w":-0.05717046186327934},"size":54.42158889770508,"orthographic":false}